[{"model": "auth.permission", "pk": 1, "fields": {"name": "Can add log entry", "content_type": 1, "codename": "add_logentry"}}, {"model": "auth.permission", "pk": 2, "fields": {"name": "Can change log entry", "content_type": 1, "codename": "change_logentry"}}, {"model": "auth.permission", "pk": 3, "fields": {"name": "Can delete log entry", "content_type": 1, "codename": "delete_logentry"}}, {"model": "auth.permission", "pk": 4, "fields": {"name": "Can view log entry", "content_type": 1, "codename": "view_logentry"}}, {"model": "auth.permission", "pk": 5, "fields": {"name": "Can add permission", "content_type": 2, "codename": "add_permission"}}, {"model": "auth.permission", "pk": 6, "fields": {"name": "Can change permission", "content_type": 2, "codename": "change_permission"}}, {"model": "auth.permission", "pk": 7, "fields": {"name": "Can delete permission", "content_type": 2, "codename": "delete_permission"}}, {"model": "auth.permission", "pk": 8, "fields": {"name": "Can view permission", "content_type": 2, "codename": "view_permission"}}, {"model": "auth.permission", "pk": 9, "fields": {"name": "Can add group", "content_type": 3, "codename": "add_group"}}, {"model": "auth.permission", "pk": 10, "fields": {"name": "Can change group", "content_type": 3, "codename": "change_group"}}, {"model": "auth.permission", "pk": 11, "fields": {"name": "Can delete group", "content_type": 3, "codename": "delete_group"}}, {"model": "auth.permission", "pk": 12, "fields": {"name": "Can view group", "content_type": 3, "codename": "view_group"}}, {"model": "auth.permission", "pk": 13, "fields": {"name": "Can add content type", "content_type": 4, "codename": "add_contenttype"}}, {"model": "auth.permission", "pk": 14, "fields": {"name": "Can change content type", "content_type": 4, "codename": "change_contenttype"}}, {"model": "auth.permission", "pk": 15, "fields": {"name": "Can delete content type", "content_type": 4, "codename": "delete_contenttype"}}, {"model": "auth.permission", "pk": 16, "fields": {"name": "Can view content type", "content_type": 4, "codename": "view_contenttype"}}, {"model": "auth.permission", "pk": 17, "fields": {"name": "Can add session", "content_type": 5, "codename": "add_session"}}, {"model": "auth.permission", "pk": 18, "fields": {"name": "Can change session", "content_type": 5, "codename": "change_session"}}, {"model": "auth.permission", "pk": 19, "fields": {"name": "Can delete session", "content_type": 5, "codename": "delete_session"}}, {"model": "auth.permission", "pk": 20, "fields": {"name": "Can view session", "content_type": 5, "codename": "view_session"}}, {"model": "auth.permission", "pk": 21, "fields": {"name": "Can add product category", "content_type": 6, "codename": "add_productcategory"}}, {"model": "auth.permission", "pk": 22, "fields": {"name": "Can change product category", "content_type": 6, "codename": "change_productcategory"}}, {"model": "auth.permission", "pk": 23, "fields": {"name": "Can delete product category", "content_type": 6, "codename": "delete_productcategory"}}, {"model": "auth.permission", "pk": 24, "fields": {"name": "Can view product category", "content_type": 6, "codename": "view_productcategory"}}, {"model": "auth.permission", "pk": 25, "fields": {"name": "Can add product", "content_type": 7, "codename": "add_product"}}, {"model": "auth.permission", "pk": 26, "fields": {"name": "Can change product", "content_type": 7, "codename": "change_product"}}, {"model": "auth.permission", "pk": 27, "fields": {"name": "Can delete product", "content_type": 7, "codename": "delete_product"}}, {"model": "auth.permission", "pk": 28, "fields": {"name": "Can view product", "content_type": 7, "codename": "view_product"}}, {"model": "auth.permission", "pk": 29, "fields": {"name": "Can add user", "content_type": 8, "codename": "add_shopuser"}}, {"model": "auth.permission", "pk": 30, "fields": {"name": "Can change user", "content_type": 8, "codename": "change_shopuser"}}, {"model": "auth.permission", "pk": 31, "fields": {"name": "Can delete user", "content_type": 8, "codename": "delete_shopuser"}}, {"model": "auth.permission", "pk": 32, "fields": {"name": "Can view user", "content_type": 8, "codename": "view_shopuser"}}, {"model": "auth.permission", "pk": 33, "fields": {"name": "Can add basket", "content_type": 9, "codename": "add_basket"}}, {"model": "auth.permission", "pk": 34, "fields": {"name": "Can change basket", "content_type": 9, "codename": "change_basket"}}, {"model": "auth.permission", "pk": 35, "fields": {"name": "Can delete basket", "content_type": 9, "codename": "delete_basket"}}, {"model": "auth.permission", "pk": 36, "fields": {"name": "Can view basket", "content_type": 9, "codename": "view_basket"}}, {"model": "auth.permission", "pk": 37, "fields": {"name": "Can add association", "content_type": 10, "codename": "add_association"}}, {"model": "auth.permission", "pk": 38, "fields": {"name": "Can change association", "content_type": 10, "codename": "change_association"}}, {"model": "auth.permission", "pk": 39, "fields": {"name": "Can delete association", "content_type": 10, "codename": "delete_association"}}, {"model": "auth.permission", "pk": 40, "fields": {"name": "Can view association", "content_type": 10, "codename": "view_association"}}, {"model": "auth.permission", "pk": 41, "fields": {"name": "Can add code", "content_type": 11, "codename": "add_code"}}, {"model": "auth.permission", "pk": 42, "fields": {"name": "Can change code", "content_type": 11, "codename": "change_code"}}, {"model": "auth.permission", "pk": 43, "fields": {"name": "Can delete code", "content_type": 11, "codename": "delete_code"}}, {"model": "auth.permission", "pk": 44, "fields": {"name": "Can view code", "content_type": 11, "codename": "view_code"}}, {"model": "auth.permission", "pk": 45, "fields": {"name": "Can add nonce", "content_type": 12, "codename": "add_nonce"}}, {"model": "auth.permission", "pk": 46, "fields": {"name": "Can change nonce", "content_type": 12, "codename": "change_nonce"}}, {"model": "auth.permission", "pk": 47, "fields": {"name": "Can delete nonce", "content_type": 12, "codename": "delete_nonce"}}, {"model": "auth.permission", "pk": 48, "fields": {"name": "Can view nonce", "content_type": 12, "codename": "view_nonce"}}, {"model": "auth.permission", "pk": 49, "fields": {"name": "Can add user social auth", "content_type": 13, "codename": "add_usersocialauth"}}, {"model": "auth.permission", "pk": 50, "fields": {"name": "Can change user social auth", "content_type": 13, "codename": "change_usersocialauth"}}, {"model": "auth.permission", "pk": 51, "fields": {"name": "Can delete user social auth", "content_type": 13, "codename": "delete_usersocialauth"}}, {"model": "auth.permission", "pk": 52, "fields": {"name": "Can view user social auth", "content_type": 13, "codename": "view_usersocialauth"}}, {"model": "auth.permission", "pk": 53, "fields": {"name": "Can add partial", "content_type": 14, "codename": "add_partial"}}, {"model": "auth.permission", "pk": 54, "fields": {"name": "Can change partial", "content_type": 14, "codename": "change_partial"}}, {"model": "auth.permission", "pk": 55, "fields": {"name": "Can delete partial", "content_type": 14, "codename": "delete_partial"}}, {"model": "auth.permission", "pk": 56, "fields": {"name": "Can view partial", "content_type": 14, "codename": "view_partial"}}, {"model": "auth.permission", "pk": 57, "fields": {"name": "Can add shop user profile", "content_type": 15, "codename": "add_shopuserprofile"}}, {"model": "auth.permission", "pk": 58, "fields": {"name": "Can change shop user profile", "content_type": 15, "codename": "change_shopuserprofile"}}, {"model": "auth.permission", "pk": 59, "fields": {"name": "Can delete shop user profile", "content_type": 15, "codename": "delete_shopuserprofile"}}, {"model": "auth.permission", "pk": 60, "fields": {"name": "Can view shop user profile", "content_type": 15, "codename": "view_shopuserprofile"}}, {"model": "auth.permission", "pk": 61, "fields": {"name": "Can add order item", "content_type": 16, "codename": "add_orderitem"}}, {"model": "auth.permission", "pk": 62, "fields": {"name": "Can change order item", "content_type": 16, "codename": "change_orderitem"}}, {"model": "auth.permission", "pk": 63, "fields": {"name": "Can delete order item", "content_type": 16, "codename": "delete_orderitem"}}, {"model": "auth.permission", "pk": 64, "fields": {"name": "Can view order item", "content_type": 16, "codename": "view_orderitem"}}, {"model": "auth.permission", "pk": 65, "fields": {"name": "Can add \u0437\u0430\u043a\u0430\u0437", "content_type": 17, "codename": "add_order"}}, {"model": "auth.permission", "pk": 66, "fields": {"name": "Can change \u0437\u0430\u043a\u0430\u0437", "content_type": 17, "codename": "change_order"}}, {"model": "auth.permission", "pk": 67, "fields": {"name": "Can delete \u0437\u0430\u043a\u0430\u0437", "content_type": 17, "codename": "delete_order"}}, {"model": "auth.permission", "pk": 68, "fields": {"name": "Can view \u0437\u0430\u043a\u0430\u0437", "content_type": 17, "codename": "view_order"}}, {"model": "sessions.session", "pk": "606vaxqsg4rjvow6eowxq7defcy4ar0s", "fields": {"session_data": "ZDFiOWVkODllZmUwNGZkZjM5NTVkY2QwYWU1ZWU4MDdiYTBlOThmZDp7fQ==", "expire_date": "2020-08-04T11:25:07.485Z"}}, {"model": "sessions.session", "pk": "a8kf3oudzaro67l4bnfsj7cdljformio", "fields": {"session_data": "NmU5YWMyMmQ5OGY1MzQ5OGI5Yjc0YmY1NzA3NzhhNjlmOWQ3MTViNDp7Il9hdXRoX3VzZXJfaWQiOiIxMCIsIl9hdXRoX3VzZXJfYmFja2VuZCI6ImRqYW5nby5jb250cmliLmF1dGguYmFja2VuZHMuTW9kZWxCYWNrZW5kIiwiX2F1dGhfdXNlcl9oYXNoIjoiYTI5ZjNmYWEyYTVmNGRjN2NhYjQwNDdlYzFmMGMwZjcxNGM4NzM3OCJ9", "expire_date": "2020-08-18T07:10:04.597Z"}}, {"model": "sessions.session", "pk": "aiuu6mu8t5wf9srzvxzqnmc2sgwjoawt", "fields": {"session_data": "NmU5YWMyMmQ5OGY1MzQ5OGI5Yjc0YmY1NzA3NzhhNjlmOWQ3MTViNDp7Il9hdXRoX3VzZXJfaWQiOiIxMCIsIl9hdXRoX3VzZXJfYmFja2VuZCI6ImRqYW5nby5jb250cmliLmF1dGguYmFja2VuZHMuTW9kZWxCYWNrZW5kIiwiX2F1dGhfdXNlcl9oYXNoIjoiYTI5ZjNmYWEyYTVmNGRjN2NhYjQwNDdlYzFmMGMwZjcxNGM4NzM3OCJ9", "expire_date": "2020-08-11T08:47:32.840Z"}}, {"model": "sessions.session", "pk": "j3luvlwrcllq0dvus0wbq5vt9a2fdz6e", "fields": {"session_data": "MWIwZGNjMWYxM2M4NDcyNTU2ZmI0YzQ0ZTQyYjk2MzRkMjUzNDQxYTp7Il9hdXRoX3VzZXJfaWQiOiIxIiwiX2F1dGhfdXNlcl9iYWNrZW5kIjoiZGphbmdvLmNvbnRyaWIuYXV0aC5iYWNrZW5kcy5Nb2RlbEJhY2tlbmQiLCJfYXV0aF91c2VyX2hhc2giOiIwYjJjZDVkYjdjY2U5ZjZjZTc2ODRhNjU3MTk2YTMwMjg4OTU2NTk3In0=", "expire_date": "2020-07-24T11:49:34.677Z"}}, {"model": "sessions.session", "pk": "lkk15hd1wjgc2gfpg4ys7lgzwdiqib0g", "fields": {"session_data": "MWIwZGNjMWYxM2M4NDcyNTU2ZmI0YzQ0ZTQyYjk2MzRkMjUzNDQxYTp7Il9hdXRoX3VzZXJfaWQiOiIxIiwiX2F1dGhfdXNlcl9iYWNrZW5kIjoiZGphbmdvLmNvbnRyaWIuYXV0aC5iYWNrZW5kcy5Nb2RlbEJhY2tlbmQiLCJfYXV0aF91c2VyX2hhc2giOiIwYjJjZDVkYjdjY2U5ZjZjZTc2ODRhNjU3MTk2YTMwMjg4OTU2NTk3In0=", "expire_date": "2020-08-24T05:30:17.831Z"}}, {"model": "sessions.session", "pk": "mldzcqnlisixlvi1dvbsim2qqe0pgnsg", "fields": {"session_data": "MWIwZGNjMWYxM2M4NDcyNTU2ZmI0YzQ0ZTQyYjk2MzRkMjUzNDQxYTp7Il9hdXRoX3VzZXJfaWQiOiIxIiwiX2F1dGhfdXNlcl9iYWNrZW5kIjoiZGphbmdvLmNvbnRyaWIuYXV0aC5iYWNrZW5kcy5Nb2RlbEJhY2tlbmQiLCJfYXV0aF91c2VyX2hhc2giOiIwYjJjZDVkYjdjY2U5ZjZjZTc2ODRhNjU3MTk2YTMwMjg4OTU2NTk3In0=", "expire_date": "2020-08-24T06:54:34.106Z"}}, {"model": "sessions.session", "pk": "nrztgcjlg2nkzrzqvowmzik69suxvbvf", "fields": {"session_data": "YWEzMjNkNzc2MjZlZDk3MzdjZTQ4NzkzZTEwZDAxODkzZjVkMmM5ODp7Im5leHQiOiIvIiwiZ29vZ2xlLW9hdXRoMl9zdGF0ZSI6IkFtb29MZTBRN3ZsdGJtb0ptYUhYWDB1VGNoZVdpSFJlIiwiX2F1dGhfdXNlcl9pZCI6IjEwIiwiX2F1dGhfdXNlcl9iYWNrZW5kIjoiZGphbmdvLmNvbnRyaWIuYXV0aC5iYWNrZW5kcy5Nb2RlbEJhY2tlbmQiLCJfYXV0aF91c2VyX2hhc2giOiJhMjlmM2ZhYTJhNWY0ZGM3Y2FiNDA0N2VjMWYwYzBmNzE0Yzg3Mzc4In0=", "expire_date": "2020-08-18T00:49:21.695Z"}}, {"model": "sessions.session", "pk": "rv6a0xpyunmex0i069paiox6x5m3xm95", "fields": {"session_data": "MWIwZGNjMWYxM2M4NDcyNTU2ZmI0YzQ0ZTQyYjk2MzRkMjUzNDQxYTp7Il9hdXRoX3VzZXJfaWQiOiIxIiwiX2F1dGhfdXNlcl9iYWNrZW5kIjoiZGphbmdvLmNvbnRyaWIuYXV0aC5iYWNrZW5kcy5Nb2RlbEJhY2tlbmQiLCJfYXV0aF91c2VyX2hhc2giOiIwYjJjZDVkYjdjY2U5ZjZjZTc2ODRhNjU3MTk2YTMwMjg4OTU2NTk3In0=", "expire_date": "2020-08-14T11:55:11.251Z"}}, {"model": "sessions.session", "pk": "vi9eeeutf593ymd51bk6myjv983jaqwv", "fields": {"session_data": "NmU5YWMyMmQ5OGY1MzQ5OGI5Yjc0YmY1NzA3NzhhNjlmOWQ3MTViNDp7Il9hdXRoX3VzZXJfaWQiOiIxMCIsIl9hdXRoX3VzZXJfYmFja2VuZCI6ImRqYW5nby5jb250cmliLmF1dGguYmFja2VuZHMuTW9kZWxCYWNrZW5kIiwiX2F1dGhfdXNlcl9oYXNoIjoiYTI5ZjNmYWEyYTVmNGRjN2NhYjQwNDdlYzFmMGMwZjcxNGM4NzM3OCJ9", "expire_date": "2020-08-06T19:46:10.943Z"}}, {"model": "mainapp.productcategory", "pk": 1, "fields": {"name": "Chats", "description": "Subscription plans for group messengers and chats", "is_active": true}}, {"model": "mainapp.productcategory", "pk": 2, "fields": {"name": "Messengers", "description": "Subscription plans for p2p messengers", "is_active": true}}, {"model": "mainapp.product", "pk": 1, "fields": {"category": 1, "name": "Honey Bee", "tags": "#basic, #1lvl, #cheap, #honey, #chat, #group", "level": 1, "description": "A basic cheap subscription plan with both direct and group messenger functions and a basic encryption algorithm.", "image": "img/prods/1.png", "price": "3.99", "discount": 0, "is_active": true, "stock": 7}}, {"model": "mainapp.product", "pk": 2, "fields": {"category": 1, "name": "Silver Bee", "tags": "#advanced, #2lvl, #silver, #moderate, #chat, #group", "level": 2, "description": "An optimal subscription solution with balanced price and security. Group chats + p2p messenger backed with a two-layer encryption.", "image": "img/prods/2.png", "price": "6.99", "discount": 0, "is_active": true, "stock": 10}}, {"model": "mainapp.product", "pk": 3, "fields": {"category": 1, "name": "Queen Bee", "tags": "#pro, #3lvl, #gold, #top, #chat, #group", "level": 3, "description": "Top level subscription with top security. Group chats, p2p messenger, triple encryption.", "image": "img/prods/3.png", "price": "9.99", "discount": 0, "is_active": true, "stock": 11}}, {"model": "mainapp.product", "pk": 4, "fields": {"category": 2, "name": "Jade Wasp", "tags": "#basic, #1lvl, #jade, #wasp, #messenger, #private", "level": 1, "description": "Basic encrypted messenger. Simple security, cheapest plan. First month for free.", "image": "img/prods/4.png", "price": "2.99", "discount": 0, "is_active": true, "stock": 5}}, {"model": "mainapp.product", "pk": 5, "fields": {"category": 2, "name": "Ruby Wasp", "tags": "#advanced, #2lvl, #ruby, #wasp, #messenger, #private", "level": 2, "description": "Advanced messenger sub. 2-level security, optimal price. Rubies get to participate in group chats if invited by Bees.", "image": "img/prods/5.png", "price": "4.99", "discount": 0, "is_active": true, "stock": 4}}, {"model": "mainapp.product", "pk": 6, "fields": {"category": 2, "name": "Purple Hornet", "tags": "#pro, #3lvl, #hornet, #purple, #messenger, #private", "level": 3, "description": "Pro-tier messenger with a top security level. Purple hornets are allowed to join any number of group chats if invited by bees.", "image": "img/prods/6.png", "price": "6.99", "discount": 0, "is_active": true, "stock": 10}}, {"model": "authapp.shopuser", "pk": 1, "fields": {"password": "pbkdf2_sha256$150000$5k6vf9MpprSC$IVocyk/+WeRLjyJS9hgaX6ImS3coyF30qg/L13hb2uA=", "last_login": "2020-08-10T06:54:34.070Z", "is_superuser": true, "username": "django", "first_name": "", "last_name": "", "email": "admin@yahoo.com", "is_staff": true, "is_active": true, "date_joined": "2020-06-30T11:17:18.231Z", "age": 25, "profile_pic": "", "activation_key": "", "activation_key_expiration": "2020-07-23T11:22:35.194Z", "groups": [], "user_permissions": []}}, {"model": "authapp.shopuser", "pk": 2, "fields": {"password": "pbkdf2_sha256$150000$pSRDHg2E2IXQ$wBSX0C5gpseITscpCvkzxj4sr8Zj7lIPx5W7AjVAi+U=", "last_login": "2020-07-21T09:05:20.033Z", "is_superuser": false, "username": "just_browsing", "first_name": "Tom", "last_name": "", "email": "imnewhere@mail.ru", "is_staff": false, "is_active": true, "date_joined": "2020-07-06T08:35:28Z", "age": 22, "profile_pic": "users_pictures/0WL4GJJ0PTI.jpg", "activation_key": "", "activation_key_expiration": "2020-07-23T11:22:35.194Z", "groups": [], "user_permissions": []}}, {"model": "authapp.shopuser", "pk": 9, "fields": {"password": "pbkdf2_sha256$150000$5Z0595EkycIz$jnZ1aB8LulN/5Ys54Ercn+7k/0HkHb3zD671cXdM1WU=", "last_login": "2020-07-23T14:15:42.543Z", "is_superuser": false, "username": "riddle5", "first_name": "Rid", "last_name": "", "email": "riddler@gb.local", "is_staff": false, "is_active": false, "date_joined": "2020-07-23T14:15:10.167Z", "age": 33, "profile_pic": "", "activation_key": "6d1cae22d765edec2ab70280e3f6940b36fc6ab55b78e04e5d246d502e9ff39b", "activation_key_expiration": "2020-07-25T14:15:10.167Z", "groups": [], "user_permissions": []}}, {"model": "authapp.shopuser", "pk": 10, "fields": {"password": "pbkdf2_sha256$150000$9PDx4CjPVZsZ$F5LSiupaVTgEMs7t5UodKHqIkSspYb+CfnOMjFGHFPU=", "last_login": "2020-08-04T07:10:04.506Z", "is_superuser": false, "username": "greg234", "first_name": "Greg", "last_name": "", "email": "gr@gb.local", "is_staff": false, "is_active": true, "date_joined": "2020-07-23T19:45:48.895Z", "age": 27, "profile_pic": "", "activation_key": "5df9de8d4f1a4763b6c8741965a94de8fe2ac9d2f5ebfc1fd573e8b81fd9caa1", "activation_key_expiration": "2020-07-25T19:45:48.895Z", "groups": [], "user_permissions": []}}, {"model": "authapp.shopuser", "pk": 13, "fields": {"password": "!zQRAIvl3ve1lsTGdOaLuwsG3snBUoW9Kgxssl5vK", "last_login": "2020-07-31T08:50:21.763Z", "is_superuser": false, "username": "f.kleshev", "first_name": "Koshy", "last_name": "Kingston", "email": "f.kleshev@gmail.com", "is_staff": false, "is_active": true, "date_joined": "2020-07-31T08:17:57.966Z", "age": null, "profile_pic": "", "activation_key": "", "activation_key_expiration": "2020-08-02T08:17:57.966Z", "groups": [], "user_permissions": []}}, {"model": "authapp.shopuserprofile", "pk": 1, "fields": {"tagline": "", "aboutMe": "", "gender": ""}}, {"model": "authapp.shopuserprofile", "pk": 2, "fields": {"tagline": "", "aboutMe": "", "gender": ""}}, {"model": "authapp.shopuserprofile", "pk": 9, "fields": {"tagline": "", "aboutMe": "", "gender": ""}}, {"model": "authapp.shopuserprofile", "pk": 10, "fields": {"tagline": "", "aboutMe": "", "gender": ""}}, {"model": "authapp.shopuserprofile", "pk": 13, "fields": {"tagline": "", "aboutMe": "", "gender": ""}}, {"model": "social_django.usersocialauth", "pk": 3, "fields": {"user": 13, "provider": "google-oauth2", "uid": "f.kleshev@gmail.com", "extra_data": "{\"auth_time\": 1596185421, \"expires\": 3599, \"token_type\": \"Bearer\", \"access_token\": \"ya29.a0AfH6SMDpNBK2dH5F2CMqmrvOvB9D8BjPu8Jan_G1o_wAmPDMLhwZVu_btn3NIlkdrdy1HSZD4gG0levn-AFH0Zu8Z8AKFatFhsSGbj9v6vDkvfX_Fh6KQ2UaD5F1Ouo0jTJl2avNP9fhHouTCfcIWYSa504MoJL7tHk\"}", "created": "2020-07-31T08:17:58.079Z", "modified": "2020-07-31T08:50:21.434Z"}}, {"model": "ordersapp.order", "pk": 15, "fields": {"user": 10, "created": "2020-07-31T09:28:53.582Z", "updated": "2020-07-31T09:31:23.730Z", "status": "FM", "is_active": false}}, {"model": "ordersapp.order", "pk": 16, "fields": {"user": 10, "created": "2020-07-31T09:31:40.695Z", "updated": "2020-07-31T09:31:49.663Z", "status": "FM", "is_active": false}}, {"model": "ordersapp.order", "pk": 17, "fields": {"user": 10, "created": "2020-07-31T09:37:24.192Z", "updated": "2020-07-31T09:37:24.347Z", "status": "FM", "is_active": false}}, {"model": "ordersapp.order", "pk": 18, "fields": {"user": 10, "created": "2020-07-31T09:41:07.510Z", "updated": "2020-07-31T09:41:07.745Z", "status": "FM", "is_active": false}}, {"model": "ordersapp.order", "pk": 19, "fields": {"user": 10, "created": "2020-07-31T09:41:27.727Z", "updated": "2020-07-31T09:42:26.182Z", "status": "FM", "is_active": false}}, {"model": "ordersapp.order", "pk": 20, "fields": {"user": 10, "created": "2020-07-31T09:43:35.703Z", "updated": "2020-07-31T09:45:50.565Z", "status": "FM", "is_active": false}}, {"model": "ordersapp.order", "pk": 21, "fields": {"user": 10, "created": "2020-07-31T09:45:33.855Z", "updated": "2020-07-31T09:45:48.340Z", "status": "FM", "is_active": false}}, {"model": "ordersapp.order", "pk": 22, "fields": {"user": 10, "created": "2020-07-31T10:09:49.197Z", "updated": "2020-07-31T10:09:55.430Z", "status": "FM", "is_active": false}}, {"model": "ordersapp.order", "pk": 23, "fields": {"user": 10, "created": "2020-07-31T10:11:16.789Z", "updated": "2020-07-31T10:11:22.492Z", "status": "FM", "is_active": false}}, {"model": "ordersapp.order", "pk": 24, "fields": {"user": 10, "created": "2020-07-31T10:21:09.055Z", "updated": "2020-07-31T10:21:25.439Z", "status": "FM", "is_active": false}}, {"model": "ordersapp.order", "pk": 25, "fields": {"user": 10, "created": "2020-07-31T10:32:41.149Z", "updated": "2020-07-31T10:34:18.136Z", "status": "FM", "is_active": false}}, {"model": "ordersapp.order", "pk": 26, "fields": {"user": 10, "created": "2020-07-31T10:38:18.773Z", "updated": "2020-07-31T10:38:34.073Z", "status": "FM", "is_active": false}}, {"model": "ordersapp.order", "pk": 27, "fields": {"user": 10, "created": "2020-07-31T10:43:55.740Z", "updated": "2020-07-31T10:51:49.187Z", "status": "FM", "is_active": false}}, {"model": "ordersapp.order", "pk": 28, "fields": {"user": 10, "created": "2020-07-31T10:51:39.285Z", "updated": "2020-07-31T10:51:44.544Z", "status": "FM", "is_active": false}}, {"model": "ordersapp.order", "pk": 29, "fields": {"user": 10, "created": "2020-07-31T10:55:47.342Z", "updated": "2020-07-31T11:00:29.028Z", "status": "FM", "is_active": false}}, {"model": "ordersapp.order", "pk": 30, "fields": {"user": 10, "created": "2020-07-31T11:00:58.285Z", "updated": "2020-07-31T11:13:49.466Z", "status": "FM", "is_active": false}}, {"model": "ordersapp.order", "pk": 31, "fields": {"user": 10, "created": "2020-07-31T11:11:34.220Z", "updated": "2020-07-31T11:13:51.707Z", "status": "FM", "is_active": false}}, {"model": "ordersapp.order", "pk": 32, "fields": {"user": 10, "created": "2020-07-31T11:13:43.869Z", "updated": "2020-07-31T11:14:01.757Z", "status": "FM", "is_active": false}}, {"model": "ordersapp.order", "pk": 33, "fields": {"user": 10, "created": "2020-07-31T11:17:17.748Z", "updated": "2020-07-31T11:17:42.130Z", "status": "FM", "is_active": false}}, {"model": "ordersapp.order", "pk": 34, "fields": {"user": 10, "created": "2020-07-31T11:23:12.803Z", "updated": "2020-07-31T11:25:02.325Z", "status": "FM", "is_active": false}}, {"model": "ordersapp.order", "pk": 35, "fields": {"user": 10, "created": "2020-07-31T11:41:37.909Z", "updated": "2020-08-03T19:17:49.289Z", "status": "FM", "is_active": false}}, {"model": "ordersapp.order", "pk": 36, "fields": {"user": 10, "created": "2020-08-03T19:30:14.455Z", "updated": "2020-08-03T19:32:51.449Z", "status": "FM", "is_active": false}}, {"model": "ordersapp.order", "pk": 37, "fields": {"user": 10, "created": "2020-08-03T19:51:41.533Z", "updated": "2020-08-03T19:51:49.159Z", "status": "FM", "is_active": false}}, {"model": "ordersapp.order", "pk": 38, "fields": {"user": 10, "created": "2020-08-04T00:48:01.894Z", "updated": "2020-08-04T00:48:24.317Z", "status": "FM", "is_active": false}}, {"model": "ordersapp.order", "pk": 39, "fields": {"user": 10, "created": "2020-08-04T06:44:27.423Z", "updated": "2020-08-04T08:44:48.976Z", "status": "FM", "is_active": false}}, {"model": "ordersapp.order", "pk": 40, "fields": {"user": 10, "created": "2020-08-04T08:44:37.583Z", "updated": "2020-08-04T08:44:42.518Z", "status": "FM", "is_active": false}}, {"model": "ordersapp.order", "pk": 41, "fields": {"user": 10, "created": "2020-08-04T08:45:15.159Z", "updated": "2020-08-04T08:46:02.527Z", "status": "FM", "is_active": false}}, {"model": "ordersapp.order", "pk": 42, "fields": {"user": 10, "created": "2020-08-04T09:03:27.157Z", "updated": "2020-08-04T09:03:31.621Z", "status": "FM", "is_active": false}}, {"model": "ordersapp.order", "pk": 43, "fields": {"user": 1, "created": "2020-08-10T05:53:56.322Z", "updated": "2020-08-10T05:53:56.425Z", "status": "FM", "is_active": true}}, {"model": "ordersapp.orderitem", "pk": 16, "fields": {"order": 15, "product": 1, "quantity": 1}}, {"model": "ordersapp.orderitem", "pk": 17, "fields": {"order": 16, "product": 3, "quantity": 3}}, {"model": "ordersapp.orderitem", "pk": 18, "fields": {"order": 19, "product": 2, "quantity": 4}}, {"model": "ordersapp.orderitem", "pk": 19, "fields": {"order": 20, "product": 1, "quantity": 5}}, {"model": "ordersapp.orderitem", "pk": 20, "fields": {"order": 21, "product": 1, "quantity": 3}}, {"model": "ordersapp.orderitem", "pk": 21, "fields": {"order": 22, "product": 2, "quantity": 3}}, {"model": "ordersapp.orderitem", "pk": 22, "fields": {"order": 23, "product": 3, "quantity": 4}}, {"model": "ordersapp.orderitem", "pk": 23, "fields": {"order": 24, "product": 3, "quantity": 4}}, {"model": "ordersapp.orderitem", "pk": 24, "fields": {"order": 25, "product": 3, "quantity": 2}}, {"model": "ordersapp.orderitem", "pk": 25, "fields": {"order": 25, "product": 6, "quantity": 3}}, {"model": "ordersapp.orderitem", "pk": 26, "fields": {"order": 26, "product": 2, "quantity": 3}}, {"model": "ordersapp.orderitem", "pk": 27, "fields": {"order": 27, "product": 4, "quantity": 4}}, {"model": "ordersapp.orderitem", "pk": 28, "fields": {"order": 28, "product": 2, "quantity": 3}}, {"model": "ordersapp.orderitem", "pk": 30, "fields": {"order": 30, "product": 3, "quantity": 3}}, {"model": "ordersapp.orderitem", "pk": 32, "fields": {"order": 31, "product": 2, "quantity": 3}}, {"model": "ordersapp.orderitem", "pk": 33, "fields": {"order": 32, "product": 5, "quantity": 4}}, {"model": "ordersapp.orderitem", "pk": 34, "fields": {"order": 33, "product": 2, "quantity": 3}}, {"model": "ordersapp.orderitem", "pk": 35, "fields": {"order": 34, "product": 1, "quantity": 3}}, {"model": "ordersapp.orderitem", "pk": 37, "fields": {"order": 35, "product": 2, "quantity": 4}}, {"model": "ordersapp.orderitem", "pk": 38, "fields": {"order": 35, "product": 4, "quantity": 4}}, {"model": "ordersapp.orderitem", "pk": 39, "fields": {"order": 36, "product": 3, "quantity": 3}}, {"model": "ordersapp.orderitem", "pk": 40, "fields": {"order": 37, "product": 6, "quantity": 3}}, {"model": "ordersapp.orderitem", "pk": 42, "fields": {"order": 39, "product": 2, "quantity": 1}}, {"model": "ordersapp.orderitem", "pk": 43, "fields": {"order": 39, "product": 4, "quantity": 1}}, {"model": "ordersapp.orderitem", "pk": 44, "fields": {"order": 39, "product": 3, "quantity": 1}}, {"model": "ordersapp.orderitem", "pk": 45, "fields": {"order": 40, "product": 2, "quantity": 3}}, {"model": "ordersapp.orderitem", "pk": 46, "fields": {"order": 40, "product": 3, "quantity": 1}}, {"model": "ordersapp.orderitem", "pk": 47, "fields": {"order": 40, "product": 4, "quantity": 2}}, {"model": "ordersapp.orderitem", "pk": 48, "fields": {"order": 41, "product": 3, "quantity": 2}}, {"model": "ordersapp.orderitem", "pk": 49, "fields": {"order": 41, "product": 5, "quantity": 2}}, {"model": "ordersapp.orderitem", "pk": 50, "fields": {"order": 41, "product": 4, "quantity": 1}}, {"model": "ordersapp.orderitem", "pk": 51, "fields": {"order": 41, "product": 1, "quantity": 1}}, {"model": "ordersapp.orderitem", "pk": 52, "fields": {"order": 41, "product": 3, "quantity": 2}}, {"model": "ordersapp.orderitem", "pk": 53, "fields": {"order": 42, "product": 5, "quantity": 2}}, {"model": "ordersapp.orderitem", "pk": 54, "fields": {"order": 42, "product": 6, "quantity": 3}}, {"model": "ordersapp.orderitem", "pk": 55, "fields": {"order": 42, "product": 4, "quantity": 1}}, {"model": "ordersapp.orderitem", "pk": 56, "fields": {"order": 42, "product": 1, "quantity": 2}}, {"model": "ordersapp.orderitem", "pk": 57, "fields": {"order": 43, "product": 3, "quantity": 4}}, {"model": "ordersapp.orderitem", "pk": 58, "fields": {"order": 43, "product": 4, "quantity": 5}}, {"model": "ordersapp.orderitem", "pk": 59, "fields": {"order": 43, "product": 5, "quantity": 6}}]